Error_ID,Variable_Name,Priority,Category,Error_Code_Range,Type,Turkish_Description,English_Description,Specific_Source,Action_Required,UI_Color,Icon
1,Emergency_Stop_PLC_Panel,5,Safety Critical,101,BOOL,PLC panel acil durdurma aktif,PLC panel emergency stop active,EmergencyStopPlcStatus,PLC panel acil stop butonunu kontrol et ve serbest bÄ±rak,Red Flashing,ğŸš¨
2,Emergency_Stop_GP_Panel,5,Safety Critical,102,BOOL,GP panel acil durdurma aktif,GP panel emergency stop active,EmergencyStopGpStatus,GP panel acil stop butonunu kontrol et ve serbest bÄ±rak,Red Flashing,ğŸš¨
3,Emergency_Stop_Unit_1,5,Safety Critical,103,BOOL,Ãœnite 1 acil durdurma aktif,Unit 1 emergency stop active,EmergencyStopUnit1,Ãœnite 1 acil stop butonunu kontrol et ve serbest bÄ±rak,Red Flashing,ğŸš¨
4,Emergency_Stop_Unit_2,5,Safety Critical,104,BOOL,Ãœnite 2 acil durdurma aktif,Unit 2 emergency stop active,EmergencyStopUnit2,Ãœnite 2 acil stop butonunu kontrol et ve serbest bÄ±rak,Red Flashing,ğŸš¨
5,Emergency_Stop_Unit_3,5,Safety Critical,105,BOOL,Ãœnite 3 acil durdurma aktif,Unit 3 emergency stop active,EmergencyStopUnit3,Ãœnite 3 acil stop butonunu kontrol et ve serbest bÄ±rak,Red Flashing,ğŸš¨
6,Emergency_Stop_Unit_4,5,Safety Critical,106,BOOL,Ãœnite 4 acil durdurma aktif,Unit 4 emergency stop active,EmergencyStopUnit4,Ãœnite 4 acil stop butonunu kontrol et ve serbest bÄ±rak,Red Flashing,ğŸš¨
7,Phase_Protection_Error,5,Safety Critical,107,BOOL,Faz koruma sistemi hatasÄ±,Phase protection system error,PhaseProtectionOk = FALSE,Faz koruma sistemi baÄŸlantÄ±larÄ±nÄ± ve ayarlarÄ±nÄ± kontrol et,Red Flashing,âš¡
8,Safety_Relay_Error,5,Safety Critical,108,BOOL,GÃ¼venlik rÃ¶lesi hatasÄ±,Safety relay error,SafetyRelayOk = FALSE,GÃ¼venlik rÃ¶lesi durumunu ve baÄŸlantÄ±larÄ±nÄ± kontrol et,Red Flashing,ğŸ›¡ï¸
9,Main_Switch_Alarm,4,Safety Critical,109,BOOL,Ana ÅŸalter alarm durumu,Main switch alarm status,MainSwitchAlarm,Ana ÅŸalter durumunu ve ayarlarÄ±nÄ± kontrol et,Red,ğŸ”Œ
10,Toroidal_Leakage_Fuse,4,Safety Critical,110,BOOL,Toroidal kaÃ§ak akÄ±m sigortasÄ±,Toroidal leakage fuse error,ToroidalLeakageFuse,KaÃ§ak akÄ±m sigortasÄ± ve topraklama sistemi kontrol et,Red,âš¡
11,Motor_1_Thermal_Error,4,Motor Thermal,201,BOOL,Motor 1 termal koruma hatasÄ±,Motor 1 thermal protection error,Motor1MpcbFault,Motor 1 termal koruma ve soÄŸutma sistemini kontrol et,Red,ğŸ”¥
12,Motor_2_Thermal_Error,4,Motor Thermal,202,BOOL,Motor 2 termal koruma hatasÄ±,Motor 2 thermal protection error,Motor2MpcbFault,Motor 2 termal koruma ve soÄŸutma sistemini kontrol et,Red,ğŸ”¥
13,Motor_3_Thermal_Error,4,Motor Thermal,203,BOOL,Motor 3 termal koruma hatasÄ±,Motor 3 thermal protection error,Motor3MpcbFault,Motor 3 termal koruma ve soÄŸutma sistemini kontrol et,Red,ğŸ”¥
14,Motor_4_Thermal_Error,4,Motor Thermal,204,BOOL,Motor 4 termal koruma hatasÄ±,Motor 4 thermal protection error,Motor4MpcbFault,Motor 4 termal koruma ve soÄŸutma sistemini kontrol et,Red,ğŸ”¥
15,Motor_5_Thermal_Error,4,Motor Thermal,205,BOOL,Motor 5 termal koruma hatasÄ±,Motor 5 thermal protection error,Motor5MpcbFault,Motor 5 termal koruma ve soÄŸutma sistemini kontrol et,Red,ğŸ”¥
16,Motor_6_Thermal_Error,4,Motor Thermal,206,BOOL,Motor 6 termal koruma hatasÄ±,Motor 6 thermal protection error,Motor6MpcbFault,Motor 6 termal koruma ve soÄŸutma sistemini kontrol et,Red,ğŸ”¥
17,CoilTube_Motor_Thermal_Error,4,Motor Thermal,207,BOOL,Serpantin motor termal koruma hatasÄ±,CoilTube motor thermal protection error,CoilTubeMpcbFault,Serpantin motor termal koruma ve soÄŸutma sistemini kontrol et,Red,ğŸ”¥
18,Circulation_Motor_Thermal_Error,4,Motor Thermal,208,BOOL,DolaÅŸÄ±m motor termal koruma hatasÄ±,Circulation motor thermal protection error,CircMpcbFault,DolaÅŸÄ±m motor termal koruma ve soÄŸutma sistemini kontrol et,Red,ğŸ”¥
19,Particle_Motor_Thermal_Error,4,Motor Thermal,209,BOOL,PartikÃ¼lleme motor termal koruma hatasÄ±,Particle motor thermal protection error,ParticleMpcbFault,PartikÃ¼lleme motor termal koruma ve soÄŸutma sistemini kontrol et,Red,ğŸ”¥
20,Valve_Watchdog_Error,5,Valve Safety,610,BOOL,Vana kontrol cihazÄ± watchdog hatasÄ±,Valve controller watchdog error,Valve Controller TCP/IP Watchdog,FB_Pressure_Safety_Valves.Watchdog_Error,Acil durdurma gerekli - vana haberleÅŸmesi kesildi,Red Flashing,âš ï¸
21,Valve_Emergency_Stop_Required,5,Valve Safety,600,BOOL,Vana kontrol cihazÄ± acil durdurma talebi,Valve controller emergency stop request,Valve Controller Emergency Request,FB_Pressure_Safety_Valves.Emergency_Stop_Required,Sistemi derhal durdur - vana kontrolÃ¶rÃ¼ tehlike tespit etti,Red Flashing,ğŸ›‘
22,Valve_Communication_Error,2,Valve Communication,620,BOOL,Vana kontrol cihazÄ± iletiÅŸim hatasÄ±,Valve controller communication error,Valve Controller TCP/IP Communication,FB_Pressure_Safety_Valves.Communication_OK = FALSE,Vana kontrolÃ¶rÃ¼ Ethernet baÄŸlantÄ±sÄ±nÄ± (192.168.100.22:40001) kontrol et,Yellow,ğŸ“¡
23,System_Temperature_Sensor_Error,3,Analog Sensors,1,BOOL,Sistem sÄ±caklÄ±k sensÃ¶rÃ¼ hatasÄ±,System temperature sensor error,System Temperature Sensor,ANALOG_ERROR_CODE = 1,Sistem sÄ±caklÄ±k sensÃ¶rÃ¼ kalibrasyonu ve baÄŸlantÄ± kontrolÃ¼,Orange,ğŸŒ¡ï¸
24,Tank_Level_Sensor_Error,2,Analog Sensors,2,BOOL,Tank seviye sensÃ¶rÃ¼ hatasÄ±,Tank level sensor error,Continuous Level Sensor,ANALOG_ERROR_CODE = 2,Tank seviye sensÃ¶rÃ¼ temizliÄŸi ve kalibrasyon kontrolÃ¼,Yellow,ğŸ“
25,Water_Quality_Sensor_Error,2,Analog Sensors,3,BOOL,Su kalitesi sensÃ¶r hatasÄ±,Water quality sensor error,Water Quality/Aqua Sensor,ANALOG_ERROR_CODE = 3,Su kalitesi sensÃ¶rÃ¼ temizliÄŸi ve kontrol sistemi,Yellow,ğŸ’§
26,Motor_1_Pressure_Sensor_Error,3,Analog Sensors,4,BOOL,Motor 1 basÄ±nÃ§ sensÃ¶rÃ¼ hatasÄ±,Motor 1 pressure sensor error,Motor 1 Pressure Sensor,ANALOG_ERROR_CODE = 4,Motor 1 basÄ±nÃ§ sensÃ¶rÃ¼ kalibrasyonu ve baÄŸlantÄ± kontrolÃ¼,Orange,ğŸ”§
27,Motor_2_Pressure_Sensor_Error,3,Analog Sensors,5,BOOL,Motor 2 basÄ±nÃ§ sensÃ¶rÃ¼ hatasÄ±,Motor 2 pressure sensor error,Motor 2 Pressure Sensor,ANALOG_ERROR_CODE = 5,Motor 2 basÄ±nÃ§ sensÃ¶rÃ¼ kalibrasyonu ve baÄŸlantÄ± kontrolÃ¼,Orange,ğŸ”§
28,Motor_3_Pressure_Sensor_Error,3,Analog Sensors,6,BOOL,Motor 3 basÄ±nÃ§ sensÃ¶rÃ¼ hatasÄ±,Motor 3 pressure sensor error,Motor 3 Pressure Sensor,ANALOG_ERROR_CODE = 6,Motor 3 basÄ±nÃ§ sensÃ¶rÃ¼ kalibrasyonu ve baÄŸlantÄ± kontrolÃ¼,Orange,ğŸ”§
29,Motor_4_Pressure_Sensor_Error,3,Analog Sensors,7,BOOL,Motor 4 basÄ±nÃ§ sensÃ¶rÃ¼ hatasÄ±,Motor 4 pressure sensor error,Motor 4 Pressure Sensor,ANALOG_ERROR_CODE = 7,Motor 4 basÄ±nÃ§ sensÃ¶rÃ¼ kalibrasyonu ve baÄŸlantÄ± kontrolÃ¼,Orange,ğŸ”§
30,Motor_5_Pressure_Sensor_Error,3,Analog Sensors,8,BOOL,Motor 5 basÄ±nÃ§ sensÃ¶rÃ¼ hatasÄ±,Motor 5 pressure sensor error,Motor 5 Pressure Sensor,ANALOG_ERROR_CODE = 8,Motor 5 basÄ±nÃ§ sensÃ¶rÃ¼ kalibrasyonu ve baÄŸlantÄ± kontrolÃ¼,Orange,ğŸ”§
31,Motor_6_Pressure_Sensor_Error,3,Analog Sensors,9,BOOL,Motor 6 basÄ±nÃ§ sensÃ¶rÃ¼ hatasÄ±,Motor 6 pressure sensor error,Motor 6 Pressure Sensor,ANALOG_ERROR_CODE = 9,Motor 6 basÄ±nÃ§ sensÃ¶rÃ¼ kalibrasyonu ve baÄŸlantÄ± kontrolÃ¼,Orange,ğŸ”§
32,CoilTube_Pressure_Sensor_Error,3,Analog Sensors,10,BOOL,Serpantin basÄ±nÃ§ sensÃ¶rÃ¼ hatasÄ±,CoilTube pressure sensor error,CoilTube Pressure Sensor,ANALOG_ERROR_CODE = 10,Serpantin basÄ±nÃ§ sensÃ¶rÃ¼ kalibrasyonu ve baÄŸlantÄ± kontrolÃ¼,Orange,ğŸ”§
33,HSM_1_Pressure_Sensor_Error,3,Analog Sensors,11,BOOL,HSM 1 basÄ±nÃ§ sensÃ¶rÃ¼ hatasÄ±,HSM 1 pressure sensor error,HSM 1 Pressure Sensor,ANALOG_ERROR_CODE = 11,HSM 1 basÄ±nÃ§ sensÃ¶rÃ¼ kalibrasyonu ve baÄŸlantÄ± kontrolÃ¼,Orange,âš™ï¸
34,HSM_2_Pressure_Sensor_Error,3,Analog Sensors,12,BOOL,HSM 2 basÄ±nÃ§ sensÃ¶rÃ¼ hatasÄ±,HSM 2 pressure sensor error,HSM 2 Pressure Sensor,ANALOG_ERROR_CODE = 12,HSM 2 basÄ±nÃ§ sensÃ¶rÃ¼ kalibrasyonu ve baÄŸlantÄ± kontrolÃ¼,Orange,âš™ï¸
35,HSM_3_Pressure_Sensor_Error,3,Analog Sensors,13,BOOL,HSM 3 basÄ±nÃ§ sensÃ¶rÃ¼ hatasÄ±,HSM 3 pressure sensor error,HSM 3 Pressure Sensor,ANALOG_ERROR_CODE = 13,HSM 3 basÄ±nÃ§ sensÃ¶rÃ¼ kalibrasyonu ve baÄŸlantÄ± kontrolÃ¼,Orange,âš™ï¸
36,HSM_4_Pressure_Sensor_Error,3,Analog Sensors,14,BOOL,HSM 4 basÄ±nÃ§ sensÃ¶rÃ¼ hatasÄ±,HSM 4 pressure sensor error,HSM 4 Pressure Sensor,ANALOG_ERROR_CODE = 14,HSM 4 basÄ±nÃ§ sensÃ¶rÃ¼ kalibrasyonu ve baÄŸlantÄ± kontrolÃ¼,Orange,âš™ï¸
37,HSM_5_Pressure_Sensor_Error,3,Analog Sensors,15,BOOL,HSM 5 basÄ±nÃ§ sensÃ¶rÃ¼ hatasÄ±,HSM 5 pressure sensor error,HSM 5 Pressure Sensor,ANALOG_ERROR_CODE = 15,HSM 5 basÄ±nÃ§ sensÃ¶rÃ¼ kalibrasyonu ve baÄŸlantÄ± kontrolÃ¼,Orange,âš™ï¸
38,HSM_6_Pressure_Sensor_Error,3,Analog Sensors,16,BOOL,HSM 6 basÄ±nÃ§ sensÃ¶rÃ¼ hatasÄ±,HSM 6 pressure sensor error,HSM 6 Pressure Sensor,ANALOG_ERROR_CODE = 16,HSM 6 basÄ±nÃ§ sensÃ¶rÃ¼ kalibrasyonu ve baÄŸlantÄ± kontrolÃ¼,Orange,âš™ï¸
39,HSM_7_Pressure_Sensor_Error,3,Analog Sensors,17,BOOL,HSM 7 basÄ±nÃ§ sensÃ¶rÃ¼ hatasÄ±,HSM 7 pressure sensor error,HSM 7 Pressure Sensor,ANALOG_ERROR_CODE = 17,HSM 7 basÄ±nÃ§ sensÃ¶rÃ¼ kalibrasyonu ve baÄŸlantÄ± kontrolÃ¼,Orange,âš™ï¸
40,Chiller_Inlet_Temperature_Sensor_Error,3,Analog Sensors,18,BOOL,SoÄŸutucu giriÅŸ sÄ±caklÄ±k sensÃ¶rÃ¼ hatasÄ±,Chiller inlet temperature sensor error,Chiller Inlet Temperature Sensor,ANALOG_ERROR_CODE = 18,SoÄŸutucu giriÅŸ sÄ±caklÄ±k sensÃ¶rÃ¼ kalibrasyonu ve baÄŸlantÄ± kontrolÃ¼,Orange,ğŸŒ¡ï¸
41,Chiller_Outlet_Temperature_Sensor_Error,3,Analog Sensors,19,BOOL,SoÄŸutucu Ã§Ä±kÄ±ÅŸ sÄ±caklÄ±k sensÃ¶rÃ¼ hatasÄ±,Chiller outlet temperature sensor error,Chiller Outlet Temperature Sensor,ANALOG_ERROR_CODE = 19,SoÄŸutucu Ã§Ä±kÄ±ÅŸ sÄ±caklÄ±k sensÃ¶rÃ¼ kalibrasyonu ve baÄŸlantÄ± kontrolÃ¼,Orange,ğŸŒ¡ï¸
42,Dual_Controller_1_Error,3,Control Systems,11-24,BOOL,Dual Controller 1 hatasÄ±,Dual Controller 1 error,Motor 1 Dual Controller,DB_System_Coordinator_Instance.Dual_Controller_1.Error_Status,Dual Controller 1 ayarlarÄ±nÄ± ve baÄŸlantÄ±larÄ±nÄ± kontrol et,Orange,ğŸ›ï¸
43,Dual_Controller_2_Error,3,Control Systems,11-24,BOOL,Dual Controller 2 hatasÄ±,Dual Controller 2 error,Motor 2 Dual Controller,DB_System_Coordinator_Instance.Dual_Controller_2.Error_Status,Dual Controller 2 ayarlarÄ±nÄ± ve baÄŸlantÄ±larÄ±nÄ± kontrol et,Orange,ğŸ›ï¸
44,Dual_Controller_3_Error,3,Control Systems,11-24,BOOL,Dual Controller 3 hatasÄ±,Dual Controller 3 error,Motor 3 Dual Controller,DB_System_Coordinator_Instance.Dual_Controller_3.Error_Status,Dual Controller 3 ayarlarÄ±nÄ± ve baÄŸlantÄ±larÄ±nÄ± kontrol et,Orange,ğŸ›ï¸
45,Dual_Controller_4_Error,3,Control Systems,11-24,BOOL,Dual Controller 4 hatasÄ±,Dual Controller 4 error,Motor 4 Dual Controller,DB_System_Coordinator_Instance.Dual_Controller_4.Error_Status,Dual Controller 4 ayarlarÄ±nÄ± ve baÄŸlantÄ±larÄ±nÄ± kontrol et,Orange,ğŸ›ï¸
46,Dual_Controller_5_Error,3,Control Systems,11-24,BOOL,Dual Controller 5 hatasÄ±,Dual Controller 5 error,Motor 5 Dual Controller,DB_System_Coordinator_Instance.Dual_Controller_5.Error_Status,Dual Controller 5 ayarlarÄ±nÄ± ve baÄŸlantÄ±larÄ±nÄ± kontrol et,Orange,ğŸ›ï¸
47,Dual_Controller_6_Error,3,Control Systems,11-24,BOOL,Dual Controller 6 hatasÄ±,Dual Controller 6 error,Motor 6 Dual Controller,DB_System_Coordinator_Instance.Dual_Controller_6.Error_Status,Dual Controller 6 ayarlarÄ±nÄ± ve baÄŸlantÄ±larÄ±nÄ± kontrol et,Orange,ğŸ›ï¸
48,Flow_Controller_Error_11,3,Flow Control,11,BOOL,AkÄ±ÅŸ kontrol cihazÄ± hatasÄ± - Kod 11,Flow controller error - Code 11,Flow Controller Error Code 11,Dual_Controller_Error_Code = 11,AkÄ±ÅŸ kontrol valfi ayarlarÄ±nÄ± ve kalibrasyonunu kontrol et,Orange,ğŸŒŠ
49,Flow_Controller_Error_12,3,Flow Control,12,BOOL,AkÄ±ÅŸ kontrol cihazÄ± hatasÄ± - Kod 12,Flow controller error - Code 12,Flow Controller Error Code 12,Dual_Controller_Error_Code = 12,AkÄ±ÅŸ sensÃ¶rÃ¼ kalibrasyonu ve baÄŸlantÄ± kontrolÃ¼,Orange,ğŸŒŠ
50,Flow_Controller_Error_13,3,Flow Control,13,BOOL,AkÄ±ÅŸ kontrol cihazÄ± hatasÄ± - Kod 13,Flow controller error - Code 13,Flow Controller Error Code 13,Dual_Controller_Error_Code = 13,AkÄ±ÅŸ regÃ¼latÃ¶rÃ¼ ve kontrol sistemi kontrolÃ¼,Orange,ğŸŒŠ
51,Flow_Controller_Error_14,3,Flow Control,14,BOOL,AkÄ±ÅŸ kontrol cihazÄ± hatasÄ± - Kod 14,Flow controller error - Code 14,Flow Controller Error Code 14,Dual_Controller_Error_Code = 14,AkÄ±ÅŸ sistemi genel kontrol ve ayarlarÄ±nÄ± kontrol et,Orange,ğŸŒŠ
52,Pressure_Controller_Error_21,3,Pressure Control,21,BOOL,BasÄ±nÃ§ kontrol cihazÄ± hatasÄ± - Kod 21,Pressure controller error - Code 21,Pressure Controller Error Code 21,Dual_Controller_Error_Code = 21,BasÄ±nÃ§ kontrol valfi ayarlarÄ±nÄ± ve kalibrasyonunu kontrol et,Orange,ğŸ“ˆ
53,Pressure_Controller_Error_22,3,Pressure Control,22,BOOL,BasÄ±nÃ§ kontrol cihazÄ± hatasÄ± - Kod 22,Pressure controller error - Code 22,Pressure Controller Error Code 22,Dual_Controller_Error_Code = 22,BasÄ±nÃ§ sensÃ¶rÃ¼ kalibrasyonu ve baÄŸlantÄ± kontrolÃ¼,Orange,ğŸ“ˆ
54,Pressure_Controller_Error_23,3,Pressure Control,23,BOOL,BasÄ±nÃ§ kontrol cihazÄ± hatasÄ± - Kod 23,Pressure controller error - Code 23,Pressure Controller Error Code 23,Dual_Controller_Error_Code = 23,BasÄ±nÃ§ regÃ¼latÃ¶rÃ¼ ve kontrol sistemi kontrolÃ¼,Orange,ğŸ“ˆ
55,Pressure_Controller_Error_24,3,Pressure Control,24,BOOL,BasÄ±nÃ§ kontrol cihazÄ± hatasÄ± - Kod 24,Pressure controller error - Code 24,Pressure Controller Error Code 24,Dual_Controller_Error_Code = 24,BasÄ±nÃ§ sistemi genel kontrol ve ayarlarÄ±nÄ± kontrol et,Orange,ğŸ“ˆ
56,CAN_Communication_Error,2,CAN Communication,300,BOOL,CAN iletiÅŸim hatasÄ±,CAN communication error,CAN Bus System,DB_HGU_Execution_V17.CAN_SYSTEM_ERROR,CAN aÄŸ baÄŸlantÄ±larÄ±nÄ± ve terminasyon direnÃ§lerini kontrol et,Yellow,ğŸ“¡
57,CAN_Device_1_Watchdog,3,CAN Communication,301,BOOL,CAN cihaz 1 watchdog hatasÄ±,CAN device 1 watchdog error,CAN Device 1,CAN_ACTIVE_DEVICE_COUNT eksik cihaz 1,CAN cihaz 1 baÄŸlantÄ±sÄ±nÄ± ve gÃ¼Ã§ beslemesini kontrol et,Orange,â°
58,CAN_Device_2_Watchdog,3,CAN Communication,302,BOOL,CAN cihaz 2 watchdog hatasÄ±,CAN device 2 watchdog error,CAN Device 2,CAN_ACTIVE_DEVICE_COUNT eksik cihaz 2,CAN cihaz 2 baÄŸlantÄ±sÄ±nÄ± ve gÃ¼Ã§ beslemesini kontrol et,Orange,â°
59,CAN_Device_3_Watchdog,3,CAN Communication,303,BOOL,CAN cihaz 3 watchdog hatasÄ±,CAN device 3 watchdog error,CAN Device 3,CAN_ACTIVE_DEVICE_COUNT eksik cihaz 3,CAN cihaz 3 baÄŸlantÄ±sÄ±nÄ± ve gÃ¼Ã§ beslemesini kontrol et,Orange,â°
60,CAN_Device_4_Watchdog,3,CAN Communication,304,BOOL,CAN cihaz 4 watchdog hatasÄ±,CAN device 4 watchdog error,CAN Device 4,CAN_ACTIVE_DEVICE_COUNT eksik cihaz 4,CAN cihaz 4 baÄŸlantÄ±sÄ±nÄ± ve gÃ¼Ã§ beslemesini kontrol et,Orange,â°
61,CAN_Device_5_Watchdog,3,CAN Communication,305,BOOL,CAN cihaz 5 watchdog hatasÄ±,CAN device 5 watchdog error,CAN Device 5,CAN_ACTIVE_DEVICE_COUNT eksik cihaz 5,CAN cihaz 5 baÄŸlantÄ±sÄ±nÄ± ve gÃ¼Ã§ beslemesini kontrol et,Orange,â°
62,CAN_Device_6_Watchdog,3,CAN Communication,306,BOOL,CAN cihaz 6 watchdog hatasÄ±,CAN device 6 watchdog error,CAN Device 6,CAN_ACTIVE_DEVICE_COUNT eksik cihaz 6,CAN cihaz 6 baÄŸlantÄ±sÄ±nÄ± ve gÃ¼Ã§ beslemesini kontrol et,Orange,â°
63,CAN_Device_7_Watchdog,3,CAN Communication,307,BOOL,CAN cihaz 7 watchdog hatasÄ±,CAN device 7 watchdog error,CAN Device 7,CAN_ACTIVE_DEVICE_COUNT eksik cihaz 7,CAN cihaz 7 baÄŸlantÄ±sÄ±nÄ± ve gÃ¼Ã§ beslemesini kontrol et,Orange,â°
64,CAN_Device_8_Watchdog,3,CAN Communication,308,BOOL,CAN cihaz 8 watchdog hatasÄ±,CAN device 8 watchdog error,CAN Device 8,CAN_ACTIVE_DEVICE_COUNT eksik cihaz 8,CAN cihaz 8 baÄŸlantÄ±sÄ±nÄ± ve gÃ¼Ã§ beslemesini kontrol et,Orange,â°
65,CAN_Device_9_Watchdog,3,CAN Communication,309,BOOL,CAN cihaz 9 watchdog hatasÄ±,CAN device 9 watchdog error,CAN Device 9,CAN_ACTIVE_DEVICE_COUNT eksik cihaz 9,CAN cihaz 9 baÄŸlantÄ±sÄ±nÄ± ve gÃ¼Ã§ beslemesini kontrol et,Orange,â°
66,CAN_Device_10_Watchdog,3,CAN Communication,310,BOOL,CAN cihaz 10 watchdog hatasÄ±,CAN device 10 watchdog error,CAN Device 10,CAN_ACTIVE_DEVICE_COUNT eksik cihaz 10,CAN cihaz 10 baÄŸlantÄ±sÄ±nÄ± ve gÃ¼Ã§ beslemesini kontrol et,Orange,â°
67,CAN_Device_11_Watchdog,3,CAN Communication,311,BOOL,CAN cihaz 11 watchdog hatasÄ±,CAN device 11 watchdog error,CAN Device 11,CAN_ACTIVE_DEVICE_COUNT eksik cihaz 11,CAN cihaz 11 baÄŸlantÄ±sÄ±nÄ± ve gÃ¼Ã§ beslemesini kontrol et,Orange,â°
68,CAN_Device_12_Watchdog,3,CAN Communication,312,BOOL,CAN cihaz 12 watchdog hatasÄ±,CAN device 12 watchdog error,CAN Device 12,CAN_ACTIVE_DEVICE_COUNT eksik cihaz 12,CAN cihaz 12 baÄŸlantÄ±sÄ±nÄ± ve gÃ¼Ã§ beslemesini kontrol et,Orange,â°
69,CAN_Device_13_Watchdog,3,CAN Communication,313,BOOL,CAN cihaz 13 watchdog hatasÄ±,CAN device 13 watchdog error,CAN Device 13,CAN_ACTIVE_DEVICE_COUNT eksik cihaz 13,CAN cihaz 13 baÄŸlantÄ±sÄ±nÄ± ve gÃ¼Ã§ beslemesini kontrol et,Orange,â°
70,CAN_Device_14_Watchdog,3,CAN Communication,314,BOOL,CAN cihaz 14 watchdog hatasÄ±,CAN device 14 watchdog error,CAN Device 14,CAN_ACTIVE_DEVICE_COUNT eksik cihaz 14,CAN cihaz 14 baÄŸlantÄ±sÄ±nÄ± ve gÃ¼Ã§ beslemesini kontrol et,Orange,â°
71,Motor_1_G120C_Fault,4,G120C Drive,401,BOOL,Motor 1 G120C sÃ¼rÃ¼cÃ¼ arÄ±zasÄ±,Motor 1 G120C drive fault,MOTOR_1_STATUS = 3 AND MOTOR_1_ERROR_CODE,Motor 1 G120C sÃ¼rÃ¼cÃ¼ arÄ±zasÄ± - spesifik hata kodunu kontrol et,Red,âš¡
72,Motor_2_G120C_Fault,4,G120C Drive,402,BOOL,Motor 2 G120C sÃ¼rÃ¼cÃ¼ arÄ±zasÄ±,Motor 2 G120C drive fault,MOTOR_2_STATUS = 3 AND MOTOR_2_ERROR_CODE,Motor 2 G120C sÃ¼rÃ¼cÃ¼ arÄ±zasÄ± - spesifik hata kodunu kontrol et,Red,âš¡
73,Motor_3_G120C_Fault,4,G120C Drive,403,BOOL,Motor 3 G120C sÃ¼rÃ¼cÃ¼ arÄ±zasÄ±,Motor 3 G120C drive fault,MOTOR_3_STATUS = 3 AND MOTOR_3_ERROR_CODE,Motor 3 G120C sÃ¼rÃ¼cÃ¼ arÄ±zasÄ± - spesifik hata kodunu kontrol et,Red,âš¡
74,Motor_4_G120C_Fault,4,G120C Drive,404,BOOL,Motor 4 G120C sÃ¼rÃ¼cÃ¼ arÄ±zasÄ±,Motor 4 G120C drive fault,MOTOR_4_STATUS = 3 AND MOTOR_4_ERROR_CODE,Motor 4 G120C sÃ¼rÃ¼cÃ¼ arÄ±zasÄ± - spesifik hata kodunu kontrol et,Red,âš¡
75,Motor_5_G120C_Fault,4,G120C Drive,405,BOOL,Motor 5 G120C sÃ¼rÃ¼cÃ¼ arÄ±zasÄ±,Motor 5 G120C drive fault,MOTOR_5_STATUS = 3 AND MOTOR_5_ERROR_CODE,Motor 5 G120C sÃ¼rÃ¼cÃ¼ arÄ±zasÄ± - spesifik hata kodunu kontrol et,Red,âš¡
76,Motor_6_G120C_Fault,4,G120C Drive,406,BOOL,Motor 6 G120C sÃ¼rÃ¼cÃ¼ arÄ±zasÄ±,Motor 6 G120C drive fault,MOTOR_6_STATUS = 3 AND MOTOR_6_ERROR_CODE,Motor 6 G120C sÃ¼rÃ¼cÃ¼ arÄ±zasÄ± - spesifik hata kodunu kontrol et,Red,âš¡
77,G120C_Communication_Error,2,G120C Communication,520,BOOL,G120C iletiÅŸim hatasÄ±,G120C communication error,G120C Drive Communication,G120C Communication Error,G120C sÃ¼rÃ¼cÃ¼ iletiÅŸim kablosu ve ayarlarÄ±nÄ± kontrol et,Yellow,ğŸ“¡
78,G120C_Safety_Error,3,G120C Safety,500,BOOL,G120C gÃ¼venlik hatasÄ±,G120C safety error,G120C Drive Safety System,G120C Safety Error Code = 500,G120C gÃ¼venlik devresi ve safety relay kontrolÃ¼,Orange,ğŸ›¡ï¸
79,G120C_Parameter_Error,2,G120C Parameters,550,BOOL,G120C parametre hatasÄ±,G120C parameter error,G120C Drive Parameter System,G120C Parameter Error Code = 550,G120C sÃ¼rÃ¼cÃ¼ parametrelerini yeniden yÃ¼kle ve kontrol et,Yellow,âš™ï¸
80,Digital_Input_Card_1_Error,2,Digital I/O,801,BOOL,Dijital giriÅŸ kartÄ± 1 hatasÄ±,Digital input card 1 error,Digital Input Card 1,Digital Input Card 1 Error Status,Dijital giriÅŸ kartÄ± 1 baÄŸlantÄ±larÄ±nÄ± ve gÃ¼Ã§ beslemesini kontrol et,Yellow,ğŸ”Œ
81,Digital_Input_Card_2_Error,2,Digital I/O,802,BOOL,Dijital giriÅŸ kartÄ± 2 hatasÄ±,Digital input card 2 error,Digital Input Card 2,Digital Input Card 2 Error Status,Dijital giriÅŸ kartÄ± 2 baÄŸlantÄ±larÄ±nÄ± ve gÃ¼Ã§ beslemesini kontrol et,Yellow,ğŸ”Œ
82,Motor_1_Filter_Error,1,Filter Errors,711,BOOL,Motor 1 filtre hatasÄ±,Motor 1 filter error,Motor 1 Filter Status,Filter Error Code = 711,Motor 1 filtresini temizle veya deÄŸiÅŸtir,Yellow,ğŸ§¹
83,Motor_2_Filter_Error,1,Filter Errors,712,BOOL,Motor 2 filtre hatasÄ±,Motor 2 filter error,Motor 2 Filter Status,Filter Error Code = 712,Motor 2 filtresini temizle veya deÄŸiÅŸtir,Yellow,ğŸ§¹
84,Motor_3_Filter_Error,1,Filter Errors,713,BOOL,Motor 3 filtre hatasÄ±,Motor 3 filter error,Motor 3 Filter Status,Filter Error Code = 713,Motor 3 filtresini temizle veya deÄŸiÅŸtir,Yellow,ğŸ§¹
85,Motor_4_Filter_Error,1,Filter Errors,714,BOOL,Motor 4 filtre hatasÄ±,Motor 4 filter error,Motor 4 Filter Status,Filter Error Code = 714,Motor 4 filtresini temizle veya deÄŸiÅŸtir,Yellow,ğŸ§¹
86,Motor_5_Filter_Error,1,Filter Errors,715,BOOL,Motor 5 filtre hatasÄ±,Motor 5 filter error,Motor 5 Filter Status,Filter Error Code = 715,Motor 5 filtresini temizle veya deÄŸiÅŸtir,Yellow,ğŸ§¹
87,Motor_6_Filter_Error,1,Filter Errors,716,BOOL,Motor 6 filtre hatasÄ±,Motor 6 filter error,Motor 6 Filter Status,Filter Error Code = 716,Motor 6 filtresini temizle veya deÄŸiÅŸtir,Yellow,ğŸ§¹
88,Motor_7_Filter_Error,1,Filter Errors,717,BOOL,Motor 7 filtre hatasÄ±,Motor 7 filter error,Motor 7 Filter Status,Filter Error Code = 717,Motor 7 filtresini temizle veya deÄŸiÅŸtir,Yellow,ğŸ§¹
89,Tank_Level_Low_Error,2,Tank Monitoring,700,BOOL,Tank seviye dÃ¼ÅŸÃ¼k hatasÄ±,Tank level low error,Main Tank Level Monitoring,Tank Level Error Code = 700,Tank seviyesini kontrol et ve gerekirse doldur,Yellow,ğŸ“
90,Chiller_Flow_Error,2,Chiller System,720,BOOL,SoÄŸutucu su akÄ±ÅŸ hatasÄ±,Chiller water flow error,Chiller Water Flow Monitoring,Chiller Flow Error Code = 720,SoÄŸutucu su pompasÄ± ve vanalarÄ±nÄ± kontrol et,Yellow,â„ï¸
91,Motor_Selection_Capacity_Error,2,Motor Selection,730,BOOL,Yetersiz motor kapasitesi,Insufficient motor capacity,Motor Selection Algorithm - Capacity Check,Motor Capacity Error Code = 730,Daha fazla motor devreye al veya sistem talebini azalt,Yellow,ğŸ“‰
92,Motor_Selection_Availability_Error,2,Motor Selection,731,BOOL,KullanÄ±labilir motor sayÄ±sÄ± yetersiz,Insufficient available motors,Motor Selection Algorithm - Availability Check,Motor Availability Error Code = 731,ArÄ±zalÄ± motorlarÄ± onar veya bakÄ±m durumundakileri devreye al,Yellow,ğŸ”¢
93,Motor_Selection_Algorithm_Error_732,1,Motor Selection,732,BOOL,Motor seÃ§im algoritmasÄ± hatasÄ± - Kod 732,Motor selection algorithm error - Code 732,Motor Selection Algorithm Error 732,Motor Selection Algorithm Error Code = 732,Motor seÃ§im algoritmasÄ± parametrelerini kontrol et,Blue,ğŸ”„
94,Motor_Selection_Algorithm_Error_733,1,Motor Selection,733,BOOL,Motor seÃ§im algoritmasÄ± hatasÄ± - Kod 733,Motor selection algorithm error - Code 733,Motor Selection Algorithm Error 733,Motor Selection Algorithm Error Code = 733,Motor seÃ§im algoritmasÄ± parametrelerini kontrol et,Blue,ğŸ”„
95,Motor_Selection_Algorithm_Error_734,1,Motor Selection,734,BOOL,Motor seÃ§im algoritmasÄ± hatasÄ± - Kod 734,Motor selection algorithm error - Code 734,Motor Selection Algorithm Error 734,Motor Selection Algorithm Error Code = 734,Motor seÃ§im algoritmasÄ± parametrelerini kontrol et,Blue,ğŸ”„
96,Motor_Selection_Algorithm_Error_735,1,Motor Selection,735,BOOL,Motor seÃ§im algoritmasÄ± hatasÄ± - Kod 735,Motor selection algorithm error - Code 735,Motor Selection Algorithm Error 735,Motor Selection Algorithm Error Code = 735,Motor seÃ§im algoritmasÄ± parametrelerini kontrol et,Blue,ğŸ”„
97,Motor_Selection_Algorithm_Error_736,1,Motor Selection,736,BOOL,Motor seÃ§im algoritmasÄ± hatasÄ± - Kod 736,Motor selection algorithm error - Code 736,Motor Selection Algorithm Error 736,Motor Selection Algorithm Error Code = 736,Motor seÃ§im algoritmasÄ± parametrelerini kontrol et,Blue,ğŸ”„
98,Motor_Selection_Algorithm_Error_737,1,Motor Selection,737,BOOL,Motor seÃ§im algoritmasÄ± hatasÄ± - Kod 737,Motor selection algorithm error - Code 737,Motor Selection Algorithm Error 737,Motor Selection Algorithm Error Code = 737,Motor seÃ§im algoritmasÄ± parametrelerini kontrol et,Blue,ğŸ”„
99,Motor_Selection_Algorithm_Error_738,1,Motor Selection,738,BOOL,Motor seÃ§im algoritmasÄ± hatasÄ± - Kod 738,Motor selection algorithm error - Code 738,Motor Selection Algorithm Error 738,Motor Selection Algorithm Error Code = 738,Motor seÃ§im algoritmasÄ± parametrelerini kontrol et,Blue,ğŸ”„
100,Motor_Selection_Algorithm_Error_739,1,Motor Selection,739,BOOL,Motor seÃ§im algoritmasÄ± hatasÄ± - Kod 739,Motor selection algorithm error - Code 739,Motor Selection Algorithm Error 739,Motor Selection Algorithm Error Code = 739,Motor seÃ§im algoritmasÄ± parametrelerini kontrol et,Blue,ğŸ”„
101,MCC_Particle_Contactor_Error,2,MCC Feedback,741,BOOL,PartikÃ¼lleme kontaktÃ¶rÃ¼ geri bildirim hatasÄ±,Particle contactor feedback error,Particle Contactor Command vs Feedback,MCC Particle Contactor Error Code = 741,PartikÃ¼lleme kontaktÃ¶rÃ¼ fiziksel durumunu ve baÄŸlantÄ±larÄ±nÄ± kontrol et,Yellow,ğŸ”Œ
102,MCC_Circulation_Contactor_Error,2,MCC Feedback,742,BOOL,DolaÅŸÄ±m kontaktÃ¶rÃ¼ geri bildirim hatasÄ±,Circulation contactor feedback error,Circulation Contactor Command vs Feedback,MCC Circulation Contactor Error Code = 742,DolaÅŸÄ±m kontaktÃ¶rÃ¼ fiziksel durumunu ve baÄŸlantÄ±larÄ±nÄ± kontrol et,Yellow,ğŸ”Œ
103,MCC_Circulation_SoftStarter_Error,2,MCC Feedback,743,BOOL,DolaÅŸÄ±m yavaÅŸ baÅŸlatÄ±cÄ± geri bildirim hatasÄ±,Circulation soft starter feedback error,Circulation Soft Starter Command vs Feedback,MCC Circulation Soft Starter Error Code = 743,DolaÅŸÄ±m yavaÅŸ baÅŸlatÄ±cÄ± durumunu ve ayarlarÄ±nÄ± kontrol et,Yellow,ğŸ”Œ
104,MCC_CoilTube_Contactor_Error,2,MCC Feedback,744,BOOL,Serpantin kontaktÃ¶rÃ¼ geri bildirim hatasÄ±,CoilTube contactor feedback error,CoilTube Contactor Command vs Feedback,MCC CoilTube Contactor Error Code = 744,Serpantin kontaktÃ¶rÃ¼ fiziksel durumunu ve baÄŸlantÄ±larÄ±nÄ± kontrol et,Yellow,ğŸ”Œ
105,MCC_CoilTube_SoftStarter_Error,2,MCC Feedback,745,BOOL,Serpantin yavaÅŸ baÅŸlatÄ±cÄ± geri bildirim hatasÄ±,CoilTube soft starter feedback error,CoilTube Soft Starter Command vs Feedback,MCC CoilTube Soft Starter Error Code = 745,Serpantin yavaÅŸ baÅŸlatÄ±cÄ± durumunu ve ayarlarÄ±nÄ± kontrol et,Yellow,ğŸ”Œ
106,System_Error_Active,0,System Status,0,BOOL,Sistem hata durumu aktif,System error status active,FB_Error_Manager genel durum,System Error Status,Aktif hatalarÄ± kontrol et ve Ã¶ncelik sÄ±rasÄ±na gÃ¶re mÃ¼dahale et,Orange,âš ï¸
107,Total_Active_Errors,0,System Status,0,USINT,Toplam aktif hata sayÄ±sÄ±,Total number of active errors,FB_Error_Manager sayÄ±m iÅŸlemi,Error Count,Hata listesini incele ve Ã§Ã¶zÃ¼m Ã¶nceliÄŸi belirle,Blue,ğŸ”¢
108,Master_Error_Code,0,Legacy,0-999,USINT,Ana hata kodu - en yÃ¼ksek Ã¶ncelikli aktif hata,Master error code - highest priority active error,FB_Error_Manager error code algoritmasÄ±,Master Error Code Algorithm,En yÃ¼ksek Ã¶ncelikli hataya gÃ¶re iÅŸlem yap,Various,ğŸ”
109,Current_Error_Priority,0,Legacy,0-5,USINT,Mevcut hata Ã¶ncelik seviyesi (0-5),Current error priority level (0-5),FB_Error_Manager Ã¶ncelik hesaplama,Priority Algorithm,Ã–nceliÄŸe gÃ¶re mÃ¼dahale stratejisi belirle,Various,ğŸ“Š